{
    "disable_cairo0_redeclaration": true,
    "gateway": {
        "max_calldata_length": 5000,
        "max_contract_bytecode_size": 81920
    },
    "invoke_tx_max_n_steps": 10000000,
    "l2_resource_gas_costs": {
        "event_key_factor": [
            2,
            1
        ],
        "gas_per_code_byte": [
            32,
            1000
        ],
        "gas_per_data_felt": [
            128,
            1000
        ]
    },
    "max_recursion_depth": 50,
    "os_constants": {
        "bitwise_builtin_gas_cost": 594,
        "block_hash_contract_address": 1,
        "call_contract_gas_cost": {
            "entry_point_gas_cost": 1,
            "step_gas_cost": 10,
            "syscall_base_gas_cost": 1
        },
        "constructor_entry_point_selector": "0x28ffe4ff0f226a9107253e17a904099aa4f63a02a5621de0576e5aa71bc5194",
        "default_entry_point_selector": 0,
        "deploy_gas_cost": {
            "entry_point_gas_cost": 1,
            "step_gas_cost": 200,
            "syscall_base_gas_cost": 1
        },
        "emit_event_gas_cost": {
            "step_gas_cost": 10,
            "syscall_base_gas_cost": 1
        },
        "entry_point_gas_cost": {
            "entry_point_initial_budget": 1,
            "step_gas_cost": 500
        },
        "entry_point_initial_budget": {
            "step_gas_cost": 100
        },
        "entry_point_type_constructor": 2,
        "entry_point_type_external": 0,
        "entry_point_type_l1_handler": 1,
        "error_block_number_out_of_range": "Block number out of range",
        "error_invalid_argument": "Invalid argument",
        "error_invalid_input_len": "Invalid input length",
        "error_out_of_gas": "Out of gas",
        "execute_entry_point_selector": "0x15d40a3d6ca2ac30f4031e42be28da9b056fef9bb7357ac5e85627ee876e5ad",
        "fee_transfer_gas_cost": {
            "entry_point_gas_cost": 1,
            "step_gas_cost": 100
        },
        "get_block_hash_gas_cost": {
            "step_gas_cost": 50,
            "syscall_base_gas_cost": 1
        },
        "get_execution_info_gas_cost": {
            "step_gas_cost": 10,
            "syscall_base_gas_cost": 1
        },
        "initial_gas_cost": {
            "step_gas_cost": 100000000
        },
        "keccak_gas_cost": {
            "syscall_base_gas_cost": 1
        },
        "keccak_round_cost_gas_cost": 180000,
        "l1_gas": "L1_GAS",
        "l1_gas_index": 0,
        "l1_handler_version": 0,
        "l2_gas": "L2_GAS",
        "l2_gas_index": 1,
        "library_call_gas_cost": {
            "call_contract_gas_cost": 1
        },
        "memory_hole_gas_cost": 10,
        "nop_entry_point_offset": -1,
        "range_check_gas_cost": 70,
        "replace_class_gas_cost": {
            "step_gas_cost": 50,
            "syscall_base_gas_cost": 1
        },
        "secp256k1_add_gas_cost": {
            "range_check_gas_cost": 29,
            "step_gas_cost": 406
        },
        "secp256k1_get_point_from_x_gas_cost": {
            "memory_hole_gas_cost": 20,
            "range_check_gas_cost": 30,
            "step_gas_cost": 391
        },
        "secp256k1_get_xy_gas_cost": {
            "memory_hole_gas_cost": 40,
            "range_check_gas_cost": 11,
            "step_gas_cost": 239
        },
        "secp256k1_mul_gas_cost": {
            "memory_hole_gas_cost": 2,
            "range_check_gas_cost": 7045,
            "step_gas_cost": 76501
        },
        "secp256k1_new_gas_cost": {
            "memory_hole_gas_cost": 40,
            "range_check_gas_cost": 35,
            "step_gas_cost": 475
        },
        "secp256r1_add_gas_cost": {
            "range_check_gas_cost": 57,
            "step_gas_cost": 589
        },
        "secp256r1_get_point_from_x_gas_cost": {
            "memory_hole_gas_cost": 20,
            "range_check_gas_cost": 44,
            "step_gas_cost": 510
        },
        "secp256r1_get_xy_gas_cost": {
            "memory_hole_gas_cost": 40,
            "range_check_gas_cost": 11,
            "step_gas_cost": 241
        },
        "secp256r1_mul_gas_cost": {
            "memory_hole_gas_cost": 2,
            "range_check_gas_cost": 13961,
            "step_gas_cost": 125340
        },
        "secp256r1_new_gas_cost": {
            "memory_hole_gas_cost": 40,
            "range_check_gas_cost": 49,
            "step_gas_cost": 594
        },
        "send_message_to_l1_gas_cost": {
            "step_gas_cost": 50,
            "syscall_base_gas_cost": 1
        },
        "sha256_process_block_gas_cost": {
            "bitwise_builtin_gas_cost": 1115,
            "range_check_gas_cost": 65,
            "step_gas_cost": 1852,
            "syscall_base_gas_cost": 1
        },
        "sierra_array_len_bound": 4294967296,
        "step_gas_cost": 100,
        "storage_read_gas_cost": {
            "step_gas_cost": 50,
            "syscall_base_gas_cost": 1
        },
        "storage_write_gas_cost": {
            "step_gas_cost": 50,
            "syscall_base_gas_cost": 1
        },
        "stored_block_hash_buffer": 10,
        "syscall_base_gas_cost": {
            "step_gas_cost": 100
        },
        "transaction_gas_cost": {
            "entry_point_gas_cost": 2,
            "fee_transfer_gas_cost": 1,
            "step_gas_cost": 100
        },
        "transfer_entry_point_selector": "0x83afd3f4caedc6eebf44246fe54e38c95e3179a5ec9ea81740eca5b482d12e",
        "validate_declare_entry_point_selector": "0x289da278a8dc833409cabfdad1581e8e7d40e42dcaed693fa4008dcdb4963b3",
        "validate_deploy_entry_point_selector": "0x36fcbf06cd96843058359e1a75928beacfac10727dab22a3972f0af8aa92895",
        "validate_entry_point_selector": "0x162da33a4585851fe8d3af3c2a9c60b557814e221e0d4f30ff0b2189d9c7775",
        "validate_rounding_consts": {
            "validate_block_number_rounding": 100,
            "validate_timestamp_rounding": 3600
        },
        "validated": "VALID"
    },
    "os_resources": {
        "compute_os_kzg_commitment_info": {
            "builtin_instance_counter": {
                "range_check_builtin": 17
            },
            "n_memory_holes": 0,
            "n_steps": 113
        },
        "execute_syscalls": {
            "call_contract": {
                "builtin_instance_counter": {
                    "range_check_builtin": 15
                },
                "n_memory_holes": 0,
                "n_steps": 827
            },
            "delegate_call": {
                "builtin_instance_counter": {
                    "range_check_builtin": 19
                },
                "n_memory_holes": 0,
                "n_steps": 713
            },
            "delegate_l1_handler": {
                "builtin_instance_counter": {
                    "range_check_builtin": 15
                },
                "n_memory_holes": 0,
                "n_steps": 692
            },
            "deploy": {
                "builtin_instance_counter": {
                    "pedersen_builtin": 7,
                    "range_check_builtin": 18
                },
                "n_memory_holes": 0,
                "n_steps": 1097
            },
            "emit_event": {
                "builtin_instance_counter": {
                    "range_check_builtin": 1
                },
                "n_memory_holes": 0,
                "n_steps": 61
            },
            "get_block_hash": {
                "builtin_instance_counter": {
                    "range_check_builtin": 2
                },
                "n_memory_holes": 0,
                "n_steps": 104
            },
            "get_block_number": {
                "builtin_instance_counter": {},
                "n_memory_holes": 0,
                "n_steps": 40
            },
            "get_block_timestamp": {
                "builtin_instance_counter": {},
                "n_memory_holes": 0,
                "n_steps": 38
            },
            "get_caller_address": {
                "builtin_instance_counter": {
                    "range_check_builtin": 1
                },
                "n_memory_holes": 0,
                "n_steps": 64
            },
            "get_contract_address": {
                "builtin_instance_counter": {
                    "range_check_builtin": 1
                },
                "n_memory_holes": 0,
                "n_steps": 64
            },
            "get_execution_info": {
                "builtin_instance_counter": {
                    "range_check_builtin": 1
                },
                "n_memory_holes": 0,
                "n_steps": 64
            },
            "get_sequencer_address": {
                "builtin_instance_counter": {},
                "n_memory_holes": 0,
                "n_steps": 34
            },
            "get_tx_info": {
                "builtin_instance_counter": {
                    "range_check_builtin": 1
                },
                "n_memory_holes": 0,
                "n_steps": 64
            },
            "get_tx_signature": {
                "builtin_instance_counter": {},
                "n_memory_holes": 0,
                "n_steps": 44
            },
            "keccak": {
                "builtin_instance_counter": {
                    "bitwise_builtin": 6,
                    "keccak_builtin": 1,
                    "range_check_builtin": 56
                },
                "n_memory_holes": 0,
                "n_steps": 381
            },
            "library_call": {
                "builtin_instance_counter": {
                    "range_check_builtin": 15
                },
                "n_memory_holes": 0,
                "n_steps": 818
            },
            "library_call_l1_handler": {
                "builtin_instance_counter": {
                    "range_check_builtin": 15
                },
                "n_memory_holes": 0,
                "n_steps": 659
            },
            "replace_class": {
                "builtin_instance_counter": {
                    "range_check_builtin": 1
                },
                "n_memory_holes": 0,
                "n_steps": 98
            },
            "secp256k1_add": {
                "builtin_instance_counter": {
                    "range_check_builtin": 29
                },
                "n_memory_holes": 0,
                "n_steps": 410
            },
            "secp256k1_get_point_from_x": {
                "builtin_instance_counter": {
                    "range_check_builtin": 30
                },
                "n_memory_holes": 0,
                "n_steps": 395
            },
            "secp256k1_get_xy": {
                "builtin_instance_counter": {
                    "range_check_builtin": 11
                },
                "n_memory_holes": 0,
                "n_steps": 207
            },
            "secp256k1_mul": {
                "builtin_instance_counter": {
                    "range_check_builtin": 7045
                },
                "n_memory_holes": 0,
                "n_steps": 76505
            },
            "secp256k1_new": {
                "builtin_instance_counter": {
                    "range_check_builtin": 35
                },
                "n_memory_holes": 0,
                "n_steps": 461
            },
            "secp256r1_add": {
                "builtin_instance_counter": {
                    "range_check_builtin": 57
                },
                "n_memory_holes": 0,
                "n_steps": 593
            },
            "secp256r1_get_point_from_x": {
                "builtin_instance_counter": {
                    "range_check_builtin": 44
                },
                "n_memory_holes": 0,
                "n_steps": 514
            },
            "secp256r1_get_xy": {
                "builtin_instance_counter": {
                    "range_check_builtin": 11
                },
                "n_memory_holes": 0,
                "n_steps": 209
            },
            "secp256r1_mul": {
                "builtin_instance_counter": {
                    "range_check_builtin": 13961
                },
                "n_memory_holes": 0,
                "n_steps": 125344
            },
            "secp256r1_new": {
                "builtin_instance_counter": {
                    "range_check_builtin": 49
                },
                "n_memory_holes": 0,
                "n_steps": 580
            },
            "send_message_to_l1": {
                "builtin_instance_counter": {
                    "range_check_builtin": 1
                },
                "n_memory_holes": 0,
                "n_steps": 141
            },
            "sha256_process_block": {
                "builtin_instance_counter": {
                    "bitwise_builtin": 1115,
                    "range_check_builtin": 65
                },
                "n_memory_holes": 0,
                "n_steps": 1855
            },
            "storage_read": {
                "builtin_instance_counter": {
                    "range_check_builtin": 1
                },
                "n_memory_holes": 0,
                "n_steps": 87
            },
            "storage_write": {
                "builtin_instance_counter": {
                    "range_check_builtin": 1
                },
                "n_memory_holes": 0,
                "n_steps": 89
            }
        },
        "execute_txs_inner": {
            "DECLARE": {
                "deprecated_resources": {
                    "calldata_factor": {
                        "builtin_instance_counter": {},
                        "n_memory_holes": 0,
                        "n_steps": 0
                    },
                    "constant": {
                        "builtin_instance_counter": {
                            "pedersen_builtin": 16,
                            "range_check_builtin": 53
                        },
                        "n_memory_holes": 0,
                        "n_steps": 2973
                    }
                },
                "resources": {
                    "calldata_factor": {
                        "builtin_instance_counter": {},
                        "n_memory_holes": 0,
                        "n_steps": 0
                    },
                    "constant": {
                        "builtin_instance_counter": {
                            "pedersen_builtin": 4,
                            "poseidon_builtin": 10,
                            "range_check_builtin": 58
                        },
                        "n_memory_holes": 0,
                        "n_steps": 3079
                    }
                }
            },
            "DEPLOY_ACCOUNT": {
                "deprecated_resources": {
                    "calldata_factor": {
                        "builtin_instance_counter": {
                            "pedersen_builtin": 2
                        },
                        "n_memory_holes": 0,
                        "n_steps": 21
                    },
                    "constant": {
                        "builtin_instance_counter": {
                            "pedersen_builtin": 23,
                            "range_check_builtin": 72
                        },
                        "n_memory_holes": 0,
                        "n_steps": 4015
                    }
                },
                "resources": {
                    "calldata_factor": {
                        "builtin_instance_counter": {
                            "pedersen_builtin": 2
                        },
                        "n_memory_holes": 0,
                        "n_steps": 21
                    },
                    "constant": {
                        "builtin_instance_counter": {
                            "pedersen_builtin": 11,
                            "poseidon_builtin": 10,
                            "range_check_builtin": 77
                        },
                        "n_memory_holes": 0,
                        "n_steps": 4137
                    }
                }
            },
            "INVOKE_FUNCTION": {
                "deprecated_resources": {
                    "calldata_factor": {
                        "builtin_instance_counter": {
                            "pedersen_builtin": 1
                        },
                        "n_memory_holes": 0,
                        "n_steps": 8
                    },
                    "constant": {
                        "builtin_instance_counter": {
                            "pedersen_builtin": 14,
                            "range_check_builtin": 69
                        },
                        "n_memory_holes": 0,
                        "n_steps": 3763
                    }
                },
                "resources": {
                    "calldata_factor": {
                        "builtin_instance_counter": {
                            "pedersen_builtin": 1
                        },
                        "n_memory_holes": 0,
                        "n_steps": 8
                    },
                    "constant": {
                        "builtin_instance_counter": {
                            "pedersen_builtin": 4,
                            "poseidon_builtin": 11,
                            "range_check_builtin": 74
                        },
                        "n_memory_holes": 0,
                        "n_steps": 3904
                    }
                }
            },
            "L1_HANDLER": {
                "deprecated_resources": {
                    "calldata_factor": {
                        "builtin_instance_counter": {
                            "pedersen_builtin": 1
                        },
                        "n_memory_holes": 0,
                        "n_steps": 13
                    },
                    "constant": {
                        "builtin_instance_counter": {
                            "pedersen_builtin": 11,
                            "range_check_builtin": 16
                        },
                        "n_memory_holes": 0,
                        "n_steps": 1233
                    }
                },
                "resources": {
                    "calldata_factor": {
                        "builtin_instance_counter": {
                            "pedersen_builtin": 1
                        },
                        "n_memory_holes": 0,
                        "n_steps": 13
                    },
                    "constant": {
                        "builtin_instance_counter": {},
                        "n_memory_holes": 0,
                        "n_steps": 0
                    }
                }
            }
        }
    },
    "segment_arena_cells": false,
    "tx_event_limits": {
        "max_data_length": 300,
        "max_keys_length": 50,
        "max_n_emitted_events": 1000
    },
    "validate_max_n_steps": 1000000,
    "vm_resource_fee_cost": {
        "add_mod_builtin": [
            4,
            100
        ],
        "bitwise_builtin": [
            16,
            100
        ],
        "ec_op_builtin": [
            256,
            100
        ],
        "ecdsa_builtin": [
            512,
            100
        ],
        "keccak_builtin": [
            512,
            100
        ],
        "mul_mod_builtin": [
            4,
            100
        ],
        "n_steps": [
            25,
            10000
        ],
        "output_builtin": [
            0,
            1
        ],
        "pedersen_builtin": [
            8,
            100
        ],
        "poseidon_builtin": [
            8,
            100
        ],
        "range_check96_builtin": [
            4,
            100
        ],
        "range_check_builtin": [
            4,
            100
        ]
    }
}
